,item_id,title,season,gender,brand,product,tag,price,likes,date
0,1854456,에어리핏 슬릿 원피스_퍼플헤더_(AKPOP-15LVD),2021S/S,여,ANDAR,AKPOP-15LVD,"['트레이닝복', '운동복', '요가복', '애슬레저룩', '애슬레저', '필라테스복', '운동하의']",35000,0,2021-03-24
1,1854413,에어리핏 슬릿 원피스_오프화이트_(AKPOP-15WHT),2021S/S,여,ANDAR,AKPOP-15WHT,"['트레이닝복', '운동복', '요가복', '애슬레저룩', '애슬레저', '필라테스복', '운동하의']",35000,0,2021-03-24
2,1854457,에어리핏 슬릿 원피스_블룸핑크_(AKPOP-15LPK),2021S/S,여,ANDAR,AKPOP-15LPK,"['트레이닝복', '운동복', '요가복', '애슬레저룩', '애슬레저', '필라테스복', '운동하의']",35000,0,2021-03-24
3,1854414,에어리핏 슬릿 원피스_랍스타핑크_(AKPOP-15PNK),2021S/S,여,ANDAR,AKPOP-15PNK,"['트레이닝복', '운동복', '요가복', '애슬레저룩', '애슬레저', '필라테스복', '운동하의']",35000,0,2021-03-24
4,1854458,에어리핏 슬릿 원피스_오이스터차콜_(AKPOP-15CHA),2021S/S,여,ANDAR,AKPOP-15CHA,"['트레이닝복', '운동복', '요가복', '애슬레저룩', '애슬레저', '필라테스복', '운동하의']",35000,0,2021-03-24
5,1854415,에어리핏 슬릿 원피스_딥위스_(AKPOP-15NAV),2021S/S,여,ANDAR,AKPOP-15NAV,"['트레이닝복', '운동복', '요가복', '애슬레저룩', '애슬레저', '필라테스복', '운동하의']",35000,0,2021-03-24
6,1854459,에어리핏 슬릿 원피스_메티오블랙_(AKPOP-15BLK),2021S/S,여,ANDAR,AKPOP-15BLK,"['트레이닝복', '운동복', '요가복', '애슬레저룩', '애슬레저', '필라테스복', '운동하의']",35000,0,2021-03-24
7,1854439,에어리핏 슬릿 원피스_아니스옐로우_(AKPOP-15LYW),2021S/S,여,ANDAR,AKPOP-15LYW,"['트레이닝복', '운동복', '요가복', '애슬레저룩', '애슬레저', '필라테스복', '운동하의']",35000,0,2021-03-24
8,1854239,엠마 트위드 체크 드레스_블랙Emma Tweed Check Dress_Black,2021S/S,여,JUDE,/,"['여성원피스', '추천원피스', '캐주얼원피스', '여자원피스', '봄원피스', '미니원피스']",170000,0,2021-03-24
9,1854102,엠마 트위드 체크 드레스_아이보리Emma Tweed Check Dress_Ivory,2021S/S,여,JUDE,/,"['캐주얼원피스', '드레스', '봄원피스', '미니원피스', '원피스', '트위드', '트위드원피스']",170000,0,2021-03-24
10,1845518,SIDE SLIT TUBE TOP DRESS [BLACK],2021S/S,여,BADEE,BD21S358BK,[],42000,0,2021-03-24
11,1853057,CHECK SHIRT ONEPIECE / PINK,2021S/S,여,ZEROSTREET,ZIMFOO0040PK00F,"['여성원피스', '미니원피스', '봄원피스', '여자원피스', '캐주얼원피스']",149000,0,2021-03-24
12,1853351,트위드 숏츠 점프수트_블루TWEED SHORTS JUMPSUIT_BLUE,2021S/S,여,VEM.VER,VV21SPOP02BL,[],148000,0,2021-03-24
13,1845520,SIDE SLIT TUBE TOP DRESS [WHITE],2021S/S,여,BADEE,BD21S358WH,[],42000,0,2021-03-24
14,1845527,NEWSPAPER PRINTED MINI DRESS [PINK],2021S/S,여,BADEE,BD21S301PK,[],59000,0,2021-03-24
15,1853414,리본 타이 플레어 원피스_플라워프린트RIBBON TIED FLARE ONEPIECE_FLOWER PRINT,2021S/S,여,VEM.VER,VV21SPOP09PK,[],189000,0,2021-03-24
16,1853418,리본 타이 플레어 원피스_민트RIBBON TIED FLARE ONEPIECE_MINT,2021S/S,여,VEM.VER,VV21SPOP09MT,[],189000,0,2021-03-24
17,1853357,3/31 배송 플리츠 디테일 원피스_스카이블루PLEATS DETAIL ONEPIECE_SKY BLUE,2021S/S,여,VEM.VER,VV21SPOP03BL,[],168000,0,2021-03-24
18,1853347,테일러드 플레어 원피스_옐로우TAILORED FLARE ONEPIECE_YELLOW,2021S/S,여,VEM.VER,VV21SPOP01YL,[],158000,0,2021-03-24
19,1845531,NEWSPAPER PRINTED MINI DRESS [WHITE],2021S/S,여,BADEE,BD21S301WH,[],59000,0,2021-03-24
20,1853367,헨리넥 스트링 원피스_블루HENRY NECK STRING ONEPIEC_BLUE,2021S/S,여,VEM.VER,VV21SPOP04BL,[],158000,0,2021-03-24
21,1853349,테일러드 플레어 원피스_블루TAILORED FLARE ONEPIECE_BLUE,2021S/S,여,VEM.VER,VV21SPOP01BL,[],158000,0,2021-03-24
22,1853373,헨리넥 스트링 원피스_크림HENRY NECK STRING ONEPIEC_CREAM,2021S/S,여,VEM.VER,VV21SPOP04IV,[],158000,0,2021-03-24
23,1845526,NEWSPAPER PRINTED MINI DRESS [BLACK],2021S/S,여,BADEE,BD21S301BK,[],59000,0,2021-03-24
24,1844408,button denim mini onepiece (mint),2021S/S,여,LE,991289,"['캐주얼원피스', '추천원피스', '미니드레스', '데일리룩', '여자원피스', '여성원피스', '원피스']",174000,0,2021-03-24
25,1844415,button denim mini onepiece (beige),2021S/S,여,LE,991293,"['여성원피스', '미니드레스', '미니원피스', '봄원피스', '데일리룩', '여자원피스', '캐주얼원피스']",174000,0,2021-03-24
26,1841603,코튼 오버사이즈핏 뱃지 티 원피스 (T32B1WOP62TWT1LT3)TOMMY JEANS,2021S/S,여,TOMMY,/,"['JEANS', '코튼', '오버사이즈핏', '뱃지', '티', '원피스', 'T32B1WOP62TWT1']",115000,0,2021-03-24
27,1841600,코튼 오버사이즈핏 뱃지 티 원피스 (T32B1WOP62TWT1YBR)TOMMY JEANS,2021S/S,여,TOMMY,/,"['JEANS', '코튼', '오버사이즈핏', '뱃지', '티', '원피스', 'T32B1WOP62TWT1']",115000,0,2021-03-24
28,1841606,코튼 오버사이즈핏 뱃지 티 원피스 (T32B1WOP62TWT1BDS)TOMMY JEANS,2021S/S,여,TOMMY,/,"['JEANS', '코튼', '오버사이즈핏', '뱃지', '티', '원피스', 'T32B1WOP62TWT1']",115000,0,2021-03-24
29,1836544,코튼 로고 디노 저지 원피스 (PW2B3TOP019WBK),2021S/S,여,SJYP,PW2B3TOP019WBK,"['코튼로고디노저지원피스', 'PW2B3TOP019W', 'PW2B3TOP019WBK']",239000,0,2021-03-24
30,1840706,ZERO OFF SHOULDER ONEPIECE / NAVY,2021S/S,여,ZEROSTREET,ZIMFOO0030NV00F,"['원피스', '여성원피스', '추천원피스', '미니원피스', '캐주얼원피스', '맨투맨원피스']",79000,0,2021-03-24
31,1842315,벨티드 워크웨어 데님 원피스 (T32B0WOP30TWT21BK)TOMMY JEANS,2021S/S,여,TOMMY,/,"['벨티드워크웨어데님원피스', 'T32B0WOP30TWT21BK']",195000,0,2021-03-24
32,1832330,Rose Print Balloon Dress Gray/Mauve,2021S/S,여,SCULPTOR,SC21S304GY,[],82000,0,2021-03-24
33,1832331,Rose Print Balloon Dress Black/Brown,2021S/S,여,SCULPTOR,SC21S304BK,[],82000,0,2021-03-24
34,1839906,yul tweed opc skyblue,2021S/S,여,OUTX.O,xo21opc01,[],103000,0,2021-03-24
35,1836524,코튼 로고 디노 저지 원피스 (PW2B3TOP019WWT),2021S/S,여,SJYP,PW2B3TOP019WWT,"['코튼로고디노저지원피스', 'PW2B3TOP019W', 'PW2B3TOP019WWT']",239000,0,2021-03-24
36,1839879,flower scaf opc red,2021S/S,여,OUTX.O,xo21opc01,[],97000,0,2021-03-24
37,1838129,리넨혼방 벨티드 반팔 셔츠 원피스 (T32B3WOP47TWT2C87)TOMMY JEANS,2021S/S,여,TOMMY,/,['리넨혼방벨티드반팔셔츠원피스'],185000,0,2021-03-24
38,1839926,yul tweed opc ivory,2021S/S,여,OUTX.O,xo21opc01,[],103000,0,2021-03-24
39,1834198,그래픽 반팔 원피스 (T32B1WOP65TWT1BDS)TOMMY JEANS,2021S/S,여,TOMMY,/,"['그래픽반팔원피스', 'T32B1WOP65TWT1', 'T32B1WOP65TWT1BDS', '원']",115000,0,2021-03-24
40,1838131,리넨혼방 벨티드 반팔 셔츠 원피스 (T32B3WOP47TWT2AA8)TOMMY JEANS,2021S/S,여,TOMMY,/,"['리넨혼방벨티드반필셔츠원피스', 'T32B3WOP47TWT2AA8']",185000,0,2021-03-24
41,1839807,flower scaf opc yellow,2021S/S,여,OUTX.O,xo21opc01,[],97000,0,2021-03-24
42,1838579,우먼스 에슬레져슬림핏 원피스 (QM222OOP53)우먼스 에슬레져슬림핏 원피스,2021S/S,여,LECOQ,QM222OOP53,"['LECOQSPORTIF', 'ONEPIECE', '르']",79000,0,2021-03-24
43,1834193,플레어 플레그 폴로 원피스 (T32B1WOP49TWT2XNL)TOMMY JEANS,2021S/S,여,TOMMY,/,"['플레어플레그폴로원피스', 'T32B1WOP49TWT2']",145000,0,2021-03-24
44,1850580,우먼스 더블다이아 원피스 블랙 (UM222COP41)우먼스 더블다이아 원피스 블랙,2021S/S,여,UMBRO,UM222COP41_BLK,"['스포티원피스', '얼리버드쿠폰', '엄브로원피스', '여성원피스', '여자원피스', '우먼스더블다이']",79000,0,2021-03-24
45,1834201,플레어 플레그 폴로 원피스 (T32B1WOP49TWT2PJ4)TOMMY JEANS,2021S/S,여,TOMMY,/,"['플레어플레그폴로원피스', 'T32B1WOP49TWT2']",145000,0,2021-03-24
46,1835225,카키 베이직 밴딩 피나포어 롱 원피스 (321371LY4H),2021S/S,여,8SECONDS,321371LY4H,['321371LY4H'],49900,0,2021-03-24
47,1848487,체크 벨 슬리브 원피스(WX3OPF1),2021S/S,여,SWEET,/,[],42900,0,2021-03-24
48,1835223,브라운 베이직 밴딩 피나포어 롱 원피스 (321371LY4D),2021S/S,여,8SECONDS,321371LY4D,['321371LY4D'],49900,0,2021-03-24
49,1850295,Strap point sweat dress_3MF2V2270100,2020F/W,여,Benetton,3MF2V2270100,[],79000,0,2021-03-24
50,1835217,블랙 베이직 밴딩 피나포어 롱 원피스 (321371LY45),2021S/S,여,8SECONDS,321371LY45,['321371LY45'],49900,0,2021-03-24
51,1853836,[Mmlg] MLG ONE-PIECE (CHARCOAL BLACK),2021S/S,여,MMLG,MMLG-21SS-T038,"['여성원피스', '봄원피스', '캐주얼원피스', '여자원피스', '반팔원피스']",49000,0,2021-03-24
52,1853835,[Mmlg] MLG ONE-PIECE (OLIVE GREEN),2021S/S,여,MMLG,MMLG-21SS-T038,"['원피스', '여성원피스', '반팔원피스', '데일리룩', '봄원피스']",49000,0,2021-03-24
53,1839513,레오파드 원피스 (레오파드),2021S/S,여,SPUNKY,21,"['원피스', '미디원피스', '데일리룩']",98000,0,2021-03-24
54,1834196,플레어 플레그 폴로 원피스 (T32B1WOP49TWT2C87)TOMMY JEANS,2021S/S,여,TOMMY,/,"['플레어플레그폴로원피스', 'T32B1WOP49TWT2']",145000,0,2021-03-24
55,1856948,(OP-20313) CHECK SHIRRING PUFF-SLEEVE ONE-PIECE RED,2020S/S,여,ROLAROLA,1710054,"['여성원피스', '미니원피스', '원피스', '캐주얼원피스', '프릴', '체크원피스']",79000,0,2021-03-24
56,1833505,Dot Smocking Dress_ Navy,2021S/S,여,SALON,YOHN,"['여성원피스', '데일리룩', '미니드레스', '미니원피스', '봄원피스', '추천원피스', '여자원피스']",152000,0,2021-03-24
57,1835136,Peony Tweed Dress,2021S/S,여,ANGELO,/,[],138000,0,2021-03-24
58,1833517,Square Neck Mini Dress_ Yellow,2021S/S,여,SALON,YOHN,"['미니원피스', '추천원피스', '미니드레스', '반팔원피스', '여자원피스', '봄원피스', '여성원피스']",142000,0,2021-03-24
59,1833519,Square Neck Mini Dress_ Blue,2021S/S,여,SALON,YOHN,"['여성원피스', '봄원피스', '추천원피스', '반팔원피스', '여자원피스', '미니원피스', '미니드레스']",142000,0,2021-03-24
60,1850294,Jersey v-neck dress_3MF2V4266100,2020F/W,여,Benetton,3MF2V4266100,[],69000,0,2021-03-24
61,1832312,white Mini Shirts Dress,2021S/S,여,DUNDROP,m1037_575757,"['셔츠원피스', '원피스', '드레스']",129000,0,2021-03-24
62,1856949,(OP-20313) CHECK SHIRRING PUFF-SLEEVE ONE-PIECE LIGHT BLUE,2020S/S,여,ROLAROLA,1710055,"['미니원피스', '원피스', '미니드레스', '프릴', '캐주얼원피스', '체크원피스']",79000,0,2021-03-24
63,1831552,V-넥 레더 원피스 [BLACK] / S21A04001,2021S/S,여,GENERALIDEA,/,[],45000,0,2021-03-24
64,1836559,레이어드 디자인 원피스 (PW2B3WOP550WBK),2021S/S,여,SJYP,PW2B3WOP550WBK,"['레이어드디자인원피스', 'PW2B3WOP550W', 'PW2B3WOP550WBK', '원피']",299000,0,2021-03-24
65,1832922,TIE DYE CORSET LINE DRESS [BROWN],2021S/S,여,BADEE,BD21S333BR,"['봄원피스', '여자원피스', '여성원피스', '나시원피스', '반팔원피스', '원피스', '캐주얼원피스']",108000,0,2021-03-24
66,1850582,우먼스 더블다이아 원피스 화이트 (UM222COP41)우먼스 더블다이아 원피스 화이트,2021S/S,여,UMBRO,UM222COP41_WHT,"['스포티원피스', '얼리버드쿠폰', '엄브로원피스', '여성원피스', '여자원피스', '우먼스더블다이']",79000,0,2021-03-24
67,1831323,플라워 스퀘어넥 미니드레스Flower Sqaure Neck Mini Dress,2021S/S,여,MIDNIGHT,/,"['미니드레스', '반팔원피스', '원피스', '플라워', '봄원피스', '퍼프소매', '퍼프원피스']",168000,0,2021-03-24
68,1786081,(OP-21117) A-LINE SHIRT ONE-PIECE WHITE,2021S/S,여,ROLAROLA,1687541,"['원피스', '긴팔원피스', '셔츠원피스', '미니원피스', '레이어드원피스', '데일리원피스', '플레어원피스']",89000,0,2021-03-24
69,1850296,Jersey v-neck dress_3MF2V426635A,2020F/W,여,Benetton,3MF2V426635A,[],69000,0,2021-03-24
70,1850293,Roll-up sleeve with dress_4EHD5VCC3100,2020F/W,여,Benetton,4EHD5VCC3100,[],89000,0,2021-03-24
71,1841346,스티브 피케 원피스 WHOMB2434F,2021S/S,여,WHOAU,WHOMB2434F,"['셔츠원피스', '원피스', '반팔원피스', '캐주얼원피스', '봄원피스', '카라원피스', '롱원피스']",39900,0,2021-03-24
72,1854407,브이넥 리본 슬리브 저지 원피스 [그레이]V-NECK RIBBON SLEEVE JERSEY DRESS [GRAY],2021S/S,여,BETWEEN,AND,"['추천원피스', '여성원피스', '캐주얼원피스', '미니드레스', '미니원피스', '봄원피스', '리본원피스']",64000,0,2021-03-24
73,1854379,브이넥 리본 슬리브 저지 원피스 [블랙]V-NECK RIBBON SLEEVE JERSEY DRESS [BLACK],2021S/S,여,BETWEEN,AND,"['여성원피스', '봄원피스', '미니드레스', '리본소매', '벌룬소매', '캐주얼원피스', '데일리룩']",64000,0,2021-03-24
74,1850292,Roll-up sleeve with dress_4EHD5VCC3394,2020F/W,여,Benetton,4EHD5VCC3394,[],89000,0,2021-03-24
75,1850298,Roll-up sleeve with dress_4EHD5VCC335A,2020F/W,여,Benetton,4EHD5VCC335A,[],89000,0,2021-03-24
76,1840961,마로니에 원피스 [아이보리]MARRONIER OPS [IVORY],2021S/S,여,ASURA,asura21ss26,"['쉬폰', '플레어', '프릴', '미니드레스', '미니원피스']",149000,0,2021-03-24
77,1840952,마로니에 원피스 [블랙도트]MARRONIER OPS [BLACK DOT],2021S/S,여,ASURA,asura21ss25,"['쉬폰', '원피스', '봄원피스', '미니원피스', '프릴']",149000,0,2021-03-24
78,1827929,여성 네이비 반팔 롱 베스트 (BJ1336A02R),2021S/S,여,BEANPOLE,/,['BJ1336A02R'],319000,0,2021-03-24
79,1827927,여성 라이트 그레이 반팔 롱 베스트 (BJ1336A022),2021S/S,여,BEANPOLE,/,['BJ1336A022'],319000,0,2021-03-24
80,1826368,베이지 플리츠 반소매 니트 원피스 (32135ULY2A),2021S/S,여,8SECONDS,32135ULY2A,['32135ULY2A'],39900,0,2021-03-24
81,1850297,Roll-up sleeve with print dress_4UQR5VCC373B,2020F/W,여,Benetton,4UQR5VCC373B,[],99000,0,2021-03-24
82,1850299,Roll-up sleeve with print dress_4UQR5VCC373A,2020F/W,여,Benetton,4UQR5VCC373A,[],99000,0,2021-03-24
83,1840913,엘르 투피스 [아이보리]ELLE TWO-PIECE [IVORY],2021S/S,여,ASURA,asura21ss14,"['블라우스', '쉬폰', '프릴', '주름', '프릴블라우스', '프릴스커트']",179000,0,2021-03-24
84,1826746,컬러레이션 카라 벨트 미니 원피스 베이직 핑크COLORATION COLLAR BELT MINI ONE-PIECE BASIC PINK,2021S/S,여,WUZU,/,"['데일리룩', '미니원피스', '봄원피스', '캐주얼원피스', '오피스룩', '하객룩', '추천원피스']",179000,0,2021-03-24
85,1826323,블루 아웃 포켓 데님 피나포어 원피스 (161371FP1P),2021S/S,여,8SECONDS,161371FP1P,['161371FP1P'],59900,0,2021-03-24
86,1839559,프린트 미니 드레스 라임Prints Mini-Dress(Lime Print),2021S/S,여,HAGAHI,123,[],319200,0,2021-03-24
87,1833555,샴브레이 데님 벨티드 점프슈트,2021S/S,여,MICHAEL,/,[],330000,0,2021-03-24
88,1856125,여성 언발런스 밑단프릴 디테일 미디원피스 PINK/FS1WOP06F70,2021S/S,여,FIFI,/,"['레터링', '여성원피스', '미디원피스', '캐주얼원피스', '봄원피스', '데일리룩', '추천원피스']",68000,0,2021-03-24
89,1844450,[세트상품][NF] 베이직 가디건 원피스 셋업 (올리브)(20FW-F1001)[NF] BASIC CARDIGAN ONE-PIECE SET UP (OLIVE)(20FW-F1001),2020F/W,여,NASTY,CLUB,[],70000,0,2021-03-24
90,1854456,에어리핏 슬릿 원피스_퍼플헤더_(AKPOP-15LVD),2021S/S,여,ANDAR,AKPOP-15LVD,"['트레이닝복', '운동복', '요가복', '애슬레저룩', '애슬레저', '필라테스복', '운동하의']",35000,0,2021-03-24
91,1854413,에어리핏 슬릿 원피스_오프화이트_(AKPOP-15WHT),2021S/S,여,ANDAR,AKPOP-15WHT,"['트레이닝복', '운동복', '요가복', '애슬레저룩', '애슬레저', '필라테스복', '운동하의']",35000,0,2021-03-24
92,1854457,에어리핏 슬릿 원피스_블룸핑크_(AKPOP-15LPK),2021S/S,여,ANDAR,AKPOP-15LPK,"['트레이닝복', '운동복', '요가복', '애슬레저룩', '애슬레저', '필라테스복', '운동하의']",35000,0,2021-03-24
93,1854414,에어리핏 슬릿 원피스_랍스타핑크_(AKPOP-15PNK),2021S/S,여,ANDAR,AKPOP-15PNK,"['트레이닝복', '운동복', '요가복', '애슬레저룩', '애슬레저', '필라테스복', '운동하의']",35000,0,2021-03-24
94,1854458,에어리핏 슬릿 원피스_오이스터차콜_(AKPOP-15CHA),2021S/S,여,ANDAR,AKPOP-15CHA,"['트레이닝복', '운동복', '요가복', '애슬레저룩', '애슬레저', '필라테스복', '운동하의']",35000,0,2021-03-24
95,1854415,에어리핏 슬릿 원피스_딥위스_(AKPOP-15NAV),2021S/S,여,ANDAR,AKPOP-15NAV,"['트레이닝복', '운동복', '요가복', '애슬레저룩', '애슬레저', '필라테스복', '운동하의']",35000,0,2021-03-24
96,1854459,에어리핏 슬릿 원피스_메티오블랙_(AKPOP-15BLK),2021S/S,여,ANDAR,AKPOP-15BLK,"['트레이닝복', '운동복', '요가복', '애슬레저룩', '애슬레저', '필라테스복', '운동하의']",35000,0,2021-03-24
97,1854439,에어리핏 슬릿 원피스_아니스옐로우_(AKPOP-15LYW),2021S/S,여,ANDAR,AKPOP-15LYW,"['트레이닝복', '운동복', '요가복', '애슬레저룩', '애슬레저', '필라테스복', '운동하의']",35000,0,2021-03-24
98,1854239,엠마 트위드 체크 드레스_블랙Emma Tweed Check Dress_Black,2021S/S,여,JUDE,/,"['여성원피스', '추천원피스', '캐주얼원피스', '여자원피스', '봄원피스', '미니원피스']",170000,0,2021-03-24
99,1854102,엠마 트위드 체크 드레스_아이보리Emma Tweed Check Dress_Ivory,2021S/S,여,JUDE,/,"['캐주얼원피스', '드레스', '봄원피스', '미니원피스', '원피스', '트위드', '트위드원피스']",170000,0,2021-03-24
100,1845518,SIDE SLIT TUBE TOP DRESS [BLACK],2021S/S,여,BADEE,BD21S358BK,[],42000,0,2021-03-24
101,1853057,CHECK SHIRT ONEPIECE / PINK,2021S/S,여,ZEROSTREET,ZIMFOO0040PK00F,"['여성원피스', '미니원피스', '봄원피스', '여자원피스', '캐주얼원피스']",149000,0,2021-03-24
102,1853351,트위드 숏츠 점프수트_블루TWEED SHORTS JUMPSUIT_BLUE,2021S/S,여,VEM.VER,VV21SPOP02BL,[],148000,0,2021-03-24
103,1845520,SIDE SLIT TUBE TOP DRESS [WHITE],2021S/S,여,BADEE,BD21S358WH,[],42000,0,2021-03-24
104,1845527,NEWSPAPER PRINTED MINI DRESS [PINK],2021S/S,여,BADEE,BD21S301PK,[],59000,0,2021-03-24
105,1853414,리본 타이 플레어 원피스_플라워프린트RIBBON TIED FLARE ONEPIECE_FLOWER PRINT,2021S/S,여,VEM.VER,VV21SPOP09PK,[],189000,0,2021-03-24
106,1853418,리본 타이 플레어 원피스_민트RIBBON TIED FLARE ONEPIECE_MINT,2021S/S,여,VEM.VER,VV21SPOP09MT,[],189000,0,2021-03-24
107,1853357,3/31 배송 플리츠 디테일 원피스_스카이블루PLEATS DETAIL ONEPIECE_SKY BLUE,2021S/S,여,VEM.VER,VV21SPOP03BL,[],168000,0,2021-03-24
108,1853347,테일러드 플레어 원피스_옐로우TAILORED FLARE ONEPIECE_YELLOW,2021S/S,여,VEM.VER,VV21SPOP01YL,[],158000,0,2021-03-24
109,1845531,NEWSPAPER PRINTED MINI DRESS [WHITE],2021S/S,여,BADEE,BD21S301WH,[],59000,0,2021-03-24
110,1853367,헨리넥 스트링 원피스_블루HENRY NECK STRING ONEPIEC_BLUE,2021S/S,여,VEM.VER,VV21SPOP04BL,[],158000,0,2021-03-24
111,1853349,테일러드 플레어 원피스_블루TAILORED FLARE ONEPIECE_BLUE,2021S/S,여,VEM.VER,VV21SPOP01BL,[],158000,0,2021-03-24
112,1853373,헨리넥 스트링 원피스_크림HENRY NECK STRING ONEPIEC_CREAM,2021S/S,여,VEM.VER,VV21SPOP04IV,[],158000,0,2021-03-24
113,1845526,NEWSPAPER PRINTED MINI DRESS [BLACK],2021S/S,여,BADEE,BD21S301BK,[],59000,0,2021-03-24
114,1844408,button denim mini onepiece (mint),2021S/S,여,LE,991289,"['캐주얼원피스', '추천원피스', '미니드레스', '데일리룩', '여자원피스', '여성원피스', '원피스']",174000,0,2021-03-24
115,1844415,button denim mini onepiece (beige),2021S/S,여,LE,991293,"['여성원피스', '미니드레스', '미니원피스', '봄원피스', '데일리룩', '여자원피스', '캐주얼원피스']",174000,0,2021-03-24
116,1841603,코튼 오버사이즈핏 뱃지 티 원피스 (T32B1WOP62TWT1LT3)TOMMY JEANS,2021S/S,여,TOMMY,/,"['JEANS', '코튼', '오버사이즈핏', '뱃지', '티', '원피스', 'T32B1WOP62TWT1']",115000,0,2021-03-24
117,1841600,코튼 오버사이즈핏 뱃지 티 원피스 (T32B1WOP62TWT1YBR)TOMMY JEANS,2021S/S,여,TOMMY,/,"['JEANS', '코튼', '오버사이즈핏', '뱃지', '티', '원피스', 'T32B1WOP62TWT1']",115000,0,2021-03-24
118,1841606,코튼 오버사이즈핏 뱃지 티 원피스 (T32B1WOP62TWT1BDS)TOMMY JEANS,2021S/S,여,TOMMY,/,"['JEANS', '코튼', '오버사이즈핏', '뱃지', '티', '원피스', 'T32B1WOP62TWT1']",115000,0,2021-03-24
119,1836544,코튼 로고 디노 저지 원피스 (PW2B3TOP019WBK),2021S/S,여,SJYP,PW2B3TOP019WBK,"['코튼로고디노저지원피스', 'PW2B3TOP019W', 'PW2B3TOP019WBK']",239000,0,2021-03-24
120,1840706,ZERO OFF SHOULDER ONEPIECE / NAVY,2021S/S,여,ZEROSTREET,ZIMFOO0030NV00F,"['원피스', '여성원피스', '추천원피스', '미니원피스', '캐주얼원피스', '맨투맨원피스']",79000,0,2021-03-24
121,1842315,벨티드 워크웨어 데님 원피스 (T32B0WOP30TWT21BK)TOMMY JEANS,2021S/S,여,TOMMY,/,"['벨티드워크웨어데님원피스', 'T32B0WOP30TWT21BK']",195000,0,2021-03-24
122,1832330,Rose Print Balloon Dress Gray/Mauve,2021S/S,여,SCULPTOR,SC21S304GY,[],82000,0,2021-03-24
123,1832331,Rose Print Balloon Dress Black/Brown,2021S/S,여,SCULPTOR,SC21S304BK,[],82000,0,2021-03-24
124,1839906,yul tweed opc skyblue,2021S/S,여,OUTX.O,xo21opc01,[],103000,0,2021-03-24
125,1836524,코튼 로고 디노 저지 원피스 (PW2B3TOP019WWT),2021S/S,여,SJYP,PW2B3TOP019WWT,"['코튼로고디노저지원피스', 'PW2B3TOP019W', 'PW2B3TOP019WWT']",239000,0,2021-03-24
126,1839879,flower scaf opc red,2021S/S,여,OUTX.O,xo21opc01,[],97000,0,2021-03-24
127,1838129,리넨혼방 벨티드 반팔 셔츠 원피스 (T32B3WOP47TWT2C87)TOMMY JEANS,2021S/S,여,TOMMY,/,['리넨혼방벨티드반팔셔츠원피스'],185000,0,2021-03-24
128,1839926,yul tweed opc ivory,2021S/S,여,OUTX.O,xo21opc01,[],103000,0,2021-03-24
129,1834198,그래픽 반팔 원피스 (T32B1WOP65TWT1BDS)TOMMY JEANS,2021S/S,여,TOMMY,/,"['그래픽반팔원피스', 'T32B1WOP65TWT1', 'T32B1WOP65TWT1BDS', '원']",115000,0,2021-03-24
130,1838131,리넨혼방 벨티드 반팔 셔츠 원피스 (T32B3WOP47TWT2AA8)TOMMY JEANS,2021S/S,여,TOMMY,/,"['리넨혼방벨티드반필셔츠원피스', 'T32B3WOP47TWT2AA8']",185000,0,2021-03-24
131,1839807,flower scaf opc yellow,2021S/S,여,OUTX.O,xo21opc01,[],97000,0,2021-03-24
132,1838579,우먼스 에슬레져슬림핏 원피스 (QM222OOP53)우먼스 에슬레져슬림핏 원피스,2021S/S,여,LECOQ,QM222OOP53,"['LECOQSPORTIF', 'ONEPIECE', '르']",79000,0,2021-03-24
133,1834193,플레어 플레그 폴로 원피스 (T32B1WOP49TWT2XNL)TOMMY JEANS,2021S/S,여,TOMMY,/,"['플레어플레그폴로원피스', 'T32B1WOP49TWT2']",145000,0,2021-03-24
134,1850580,우먼스 더블다이아 원피스 블랙 (UM222COP41)우먼스 더블다이아 원피스 블랙,2021S/S,여,UMBRO,UM222COP41_BLK,"['스포티원피스', '얼리버드쿠폰', '엄브로원피스', '여성원피스', '여자원피스', '우먼스더블다이']",79000,0,2021-03-24
135,1834201,플레어 플레그 폴로 원피스 (T32B1WOP49TWT2PJ4)TOMMY JEANS,2021S/S,여,TOMMY,/,"['플레어플레그폴로원피스', 'T32B1WOP49TWT2']",145000,0,2021-03-24
136,1835225,카키 베이직 밴딩 피나포어 롱 원피스 (321371LY4H),2021S/S,여,8SECONDS,321371LY4H,['321371LY4H'],49900,0,2021-03-24
137,1848487,체크 벨 슬리브 원피스(WX3OPF1),2021S/S,여,SWEET,/,[],42900,0,2021-03-24
138,1835223,브라운 베이직 밴딩 피나포어 롱 원피스 (321371LY4D),2021S/S,여,8SECONDS,321371LY4D,['321371LY4D'],49900,0,2021-03-24
139,1850295,Strap point sweat dress_3MF2V2270100,2020F/W,여,Benetton,3MF2V2270100,[],79000,0,2021-03-24
140,1835217,블랙 베이직 밴딩 피나포어 롱 원피스 (321371LY45),2021S/S,여,8SECONDS,321371LY45,['321371LY45'],49900,0,2021-03-24
141,1853836,[Mmlg] MLG ONE-PIECE (CHARCOAL BLACK),2021S/S,여,MMLG,MMLG-21SS-T038,"['여성원피스', '봄원피스', '캐주얼원피스', '여자원피스', '반팔원피스']",49000,0,2021-03-24
142,1853835,[Mmlg] MLG ONE-PIECE (OLIVE GREEN),2021S/S,여,MMLG,MMLG-21SS-T038,"['원피스', '여성원피스', '반팔원피스', '데일리룩', '봄원피스']",49000,0,2021-03-24
143,1839513,레오파드 원피스 (레오파드),2021S/S,여,SPUNKY,21,"['원피스', '미디원피스', '데일리룩']",98000,0,2021-03-24
144,1834196,플레어 플레그 폴로 원피스 (T32B1WOP49TWT2C87)TOMMY JEANS,2021S/S,여,TOMMY,/,"['플레어플레그폴로원피스', 'T32B1WOP49TWT2']",145000,0,2021-03-24
145,1856948,(OP-20313) CHECK SHIRRING PUFF-SLEEVE ONE-PIECE RED,2020S/S,여,ROLAROLA,1710054,"['여성원피스', '미니원피스', '원피스', '캐주얼원피스', '프릴', '체크원피스']",79000,0,2021-03-24
146,1833505,Dot Smocking Dress_ Navy,2021S/S,여,SALON,YOHN,"['여성원피스', '데일리룩', '미니드레스', '미니원피스', '봄원피스', '추천원피스', '여자원피스']",152000,0,2021-03-24
147,1835136,Peony Tweed Dress,2021S/S,여,ANGELO,/,[],138000,0,2021-03-24
148,1833517,Square Neck Mini Dress_ Yellow,2021S/S,여,SALON,YOHN,"['미니원피스', '추천원피스', '미니드레스', '반팔원피스', '여자원피스', '봄원피스', '여성원피스']",142000,0,2021-03-24
149,1833519,Square Neck Mini Dress_ Blue,2021S/S,여,SALON,YOHN,"['여성원피스', '봄원피스', '추천원피스', '반팔원피스', '여자원피스', '미니원피스', '미니드레스']",142000,0,2021-03-24
150,1850294,Jersey v-neck dress_3MF2V4266100,2020F/W,여,Benetton,3MF2V4266100,[],69000,0,2021-03-24
151,1832312,white Mini Shirts Dress,2021S/S,여,DUNDROP,m1037_575757,"['셔츠원피스', '원피스', '드레스']",129000,0,2021-03-24
152,1856949,(OP-20313) CHECK SHIRRING PUFF-SLEEVE ONE-PIECE LIGHT BLUE,2020S/S,여,ROLAROLA,1710055,"['미니원피스', '원피스', '미니드레스', '프릴', '캐주얼원피스', '체크원피스']",79000,0,2021-03-24
153,1831552,V-넥 레더 원피스 [BLACK] / S21A04001,2021S/S,여,GENERALIDEA,/,[],45000,0,2021-03-24
154,1836559,레이어드 디자인 원피스 (PW2B3WOP550WBK),2021S/S,여,SJYP,PW2B3WOP550WBK,"['레이어드디자인원피스', 'PW2B3WOP550W', 'PW2B3WOP550WBK', '원피']",299000,0,2021-03-24
155,1832922,TIE DYE CORSET LINE DRESS [BROWN],2021S/S,여,BADEE,BD21S333BR,"['봄원피스', '여자원피스', '여성원피스', '나시원피스', '반팔원피스', '원피스', '캐주얼원피스']",108000,0,2021-03-24
156,1850582,우먼스 더블다이아 원피스 화이트 (UM222COP41)우먼스 더블다이아 원피스 화이트,2021S/S,여,UMBRO,UM222COP41_WHT,"['스포티원피스', '얼리버드쿠폰', '엄브로원피스', '여성원피스', '여자원피스', '우먼스더블다이']",79000,0,2021-03-24
157,1831323,플라워 스퀘어넥 미니드레스Flower Sqaure Neck Mini Dress,2021S/S,여,MIDNIGHT,/,"['미니드레스', '반팔원피스', '원피스', '플라워', '봄원피스', '퍼프소매', '퍼프원피스']",168000,0,2021-03-24
158,1786081,(OP-21117) A-LINE SHIRT ONE-PIECE WHITE,2021S/S,여,ROLAROLA,1687541,"['원피스', '긴팔원피스', '셔츠원피스', '미니원피스', '레이어드원피스', '데일리원피스', '플레어원피스']",89000,0,2021-03-24
159,1850296,Jersey v-neck dress_3MF2V426635A,2020F/W,여,Benetton,3MF2V426635A,[],69000,0,2021-03-24
160,1850293,Roll-up sleeve with dress_4EHD5VCC3100,2020F/W,여,Benetton,4EHD5VCC3100,[],89000,0,2021-03-24
161,1841346,스티브 피케 원피스 WHOMB2434F,2021S/S,여,WHOAU,WHOMB2434F,"['셔츠원피스', '원피스', '반팔원피스', '캐주얼원피스', '봄원피스', '카라원피스', '롱원피스']",39900,0,2021-03-24
162,1854407,브이넥 리본 슬리브 저지 원피스 [그레이]V-NECK RIBBON SLEEVE JERSEY DRESS [GRAY],2021S/S,여,BETWEEN,AND,"['추천원피스', '여성원피스', '캐주얼원피스', '미니드레스', '미니원피스', '봄원피스', '리본원피스']",64000,0,2021-03-24
163,1854379,브이넥 리본 슬리브 저지 원피스 [블랙]V-NECK RIBBON SLEEVE JERSEY DRESS [BLACK],2021S/S,여,BETWEEN,AND,"['여성원피스', '봄원피스', '미니드레스', '리본소매', '벌룬소매', '캐주얼원피스', '데일리룩']",64000,0,2021-03-24
164,1850292,Roll-up sleeve with dress_4EHD5VCC3394,2020F/W,여,Benetton,4EHD5VCC3394,[],89000,0,2021-03-24
165,1850298,Roll-up sleeve with dress_4EHD5VCC335A,2020F/W,여,Benetton,4EHD5VCC335A,[],89000,0,2021-03-24
166,1840961,마로니에 원피스 [아이보리]MARRONIER OPS [IVORY],2021S/S,여,ASURA,asura21ss26,"['쉬폰', '플레어', '프릴', '미니드레스', '미니원피스']",149000,0,2021-03-24
167,1840952,마로니에 원피스 [블랙도트]MARRONIER OPS [BLACK DOT],2021S/S,여,ASURA,asura21ss25,"['쉬폰', '원피스', '봄원피스', '미니원피스', '프릴']",149000,0,2021-03-24
168,1827929,여성 네이비 반팔 롱 베스트 (BJ1336A02R),2021S/S,여,BEANPOLE,/,['BJ1336A02R'],319000,0,2021-03-24
169,1827927,여성 라이트 그레이 반팔 롱 베스트 (BJ1336A022),2021S/S,여,BEANPOLE,/,['BJ1336A022'],319000,0,2021-03-24
170,1826368,베이지 플리츠 반소매 니트 원피스 (32135ULY2A),2021S/S,여,8SECONDS,32135ULY2A,['32135ULY2A'],39900,0,2021-03-24
171,1850297,Roll-up sleeve with print dress_4UQR5VCC373B,2020F/W,여,Benetton,4UQR5VCC373B,[],99000,0,2021-03-24
172,1850299,Roll-up sleeve with print dress_4UQR5VCC373A,2020F/W,여,Benetton,4UQR5VCC373A,[],99000,0,2021-03-24
173,1840913,엘르 투피스 [아이보리]ELLE TWO-PIECE [IVORY],2021S/S,여,ASURA,asura21ss14,"['블라우스', '쉬폰', '프릴', '주름', '프릴블라우스', '프릴스커트']",179000,0,2021-03-24
174,1826746,컬러레이션 카라 벨트 미니 원피스 베이직 핑크COLORATION COLLAR BELT MINI ONE-PIECE BASIC PINK,2021S/S,여,WUZU,/,"['데일리룩', '미니원피스', '봄원피스', '캐주얼원피스', '오피스룩', '하객룩', '추천원피스']",179000,0,2021-03-24
175,1826323,블루 아웃 포켓 데님 피나포어 원피스 (161371FP1P),2021S/S,여,8SECONDS,161371FP1P,['161371FP1P'],59900,0,2021-03-24
176,1839559,프린트 미니 드레스 라임Prints Mini-Dress(Lime Print),2021S/S,여,HAGAHI,123,[],319200,0,2021-03-24
177,1833555,샴브레이 데님 벨티드 점프슈트,2021S/S,여,MICHAEL,/,[],330000,0,2021-03-24
178,1856125,여성 언발런스 밑단프릴 디테일 미디원피스 PINK/FS1WOP06F70,2021S/S,여,FIFI,/,"['레터링', '여성원피스', '미디원피스', '캐주얼원피스', '봄원피스', '데일리룩', '추천원피스']",68000,0,2021-03-24
179,1844450,[세트상품][NF] 베이직 가디건 원피스 셋업 (올리브)(20FW-F1001)[NF] BASIC CARDIGAN ONE-PIECE SET UP (OLIVE)(20FW-F1001),2020F/W,여,NASTY,CLUB,[],70000,0,2021-03-24
180,1826357,블랙 플리츠 반소매 니트 원피스 (32135ULY25),2021S/S,여,8SECONDS,32135ULY25,['32135ULY25'],39900,0,2021-03-24
181,1839883,21SS 3041MDA68 217298 99 로고 오버핏 반팔 원피스,병행수입,여,MSGM,2021012002,"['구템즈', '3041MDA6821729899', '로고', '오버핏']",170000,0,2021-03-24
182,1844077,플라워 제니 원피스 블랙,2021S/S,여,CATTLINE,21ss,"['반팔원피스', '미니원피스', '캐주얼원피스', '봄원피스', '여자원피스', '추천원피스', '데일리룩']",69000,0,2021-03-24
183,1826330,블랙 트위드 버튼 반소매 니트 원피스 (12135UDY25),2021S/S,여,8SECONDS,12135UDY25,['12135UDY25'],59900,0,2021-03-24
184,1826338,블랙 새틴 슬릿 슬립 원피스 (121371DY45),2021S/S,여,8SECONDS,121371DY45,['121371DY45'],59900,0,2021-03-24
185,1844061,플라워 제니 원피스 블루,2021S/S,여,CATTLINE,21ss,"['자카드', '반팔원피스', '캐주얼원피스', '미니원피스', '추천원피스', '봄원피스', '플라워원피스']",69000,0,2021-03-24
186,1824297,HEART POINT BOLERO OPS CHARCOAL,2021S/S,여,RONRON,RR21AOP1184CC,"['여성원피스', '캐주얼원피스', '반팔원피스', '여자원피스', '추천원피스', '원피스', '미디원피스']",62000,0,2021-03-24
187,1823765,CHEST SHIRRING ONE PIECE (GRAY),2021S/S,여,13MONTH,13MBA0OP01GR,"['원피스', '봄원피스', '여성원피스', '미니원피스', '캐주얼원피스', '민소매원피스', '반팔원피스']",113000,0,2021-03-24
188,1824333,시스루 언발란스 드레스_옐로우,2021S/S,여,DEWEDEWE,SEE-THROUGH,"['미니원피스', '미니드레스', '시스루', '언발란스', '언밸런스']",880000,0,2021-03-24
189,1849730,4/5 배송 MINI ONE-PIECE,2021S/S,여,MATIN,/,[],109000,0,2021-03-24
190,1824328,플라워 베이비돌 드레스_블랙,2021S/S,여,DEWEDEWE,FLOWER,"['시스루', '미니원피스', '미니드레스', '플라워', '꽃무늬', '꽃']",1280000,0,2021-03-24
191,1824329,플라워 베이비돌 드레스_블루,2021S/S,여,DEWEDEWE,FLOWER,"['시스루', '플라워', '꽃무늬', '꽃', '미니원피스', '미니드레스']",1280000,0,2021-03-24
192,1854563,여성 언발런스 밑단프릴 디테일 미디원피스 RED/FS1WOP06F55,2021S/S,여,FIFI,/,"['여성원피스', '프릴', '원피스', '봄원피스', '추천원피스', '캐주얼원피스', '미디원피스']",68000,0,2021-03-24
193,1822270,미니 뷔스티에 벨트 원피스 체크 블루MINI BUSTIER BELT ONE-PIECE CHECK BLUE,2021S/S,여,WUZU,/,"['미니원피스', '데일리룩', '캐주얼원피스', '뷔스티에', '봄원피스', '추천원피스', '체크원피스']",152000,0,2021-03-24
194,1466359,4/1 배송 C TIE DYE MIDI DRESS_BLACK,2020S/S,여,CURETTY,CU202DR003BK,[],42000,0,2021-03-24
195,1835937,Frilled with flared dress_421W5VC93100,2020F/W,여,Benetton,421W5VC93100,[],99000,0,2021-03-24
196,1819992,WOMEN 세미 오버핏 셔츠원피스 치마 [블랙],2021S/S,여,KOLEAT,W_SHT_OPC,"['셔츠원피스', '원피스', '셔츠', '미니원피스']",59000,0,2021-03-24
197,1823763,3/29 배송 SHOULDER PUFF ONE PIECE (NAVY),2021S/S,여,13MONTH,13MBA0OP02NV,"['미니원피스', '봄원피스', '여자원피스', '여성원피스', '캐주얼원피스', '원피스', '반팔원피스']",118000,0,2021-03-24
198,1823764,CHEST SHIRRING ONE PIECE (BLUE),2021S/S,여,13MONTH,13MBA0OP01BL,"['봄원피스', '캐주얼원피스', '반팔원피스', '여자원피스', '여성원피스', '미니원피스', '민소매원피스']",113000,0,2021-03-24
199,1821936,데님 퍼프 슬리브 플레어 드레스-블루Denim Puff Sleeve Flare dress-blue,2021S/S,여,KATRINA,/,"['퍼프소매', '퍼프원피스', '데님원피스', '플레어', '원피스', '원피스긴팔', '셔링']",159000,0,2021-03-24
200,1821994,데님 퍼프 슬리브 플레어 드레스-차콜Denim Puff Sleeve Flare dress-charcoal,2021S/S,여,KATRINA,/,"['여성원피스', '데일리룩', '여자원피스', '미니원피스', '미디원피스', '캐주얼원피스', '데님원피스']",159000,0,2021-03-24
201,1833482,Lace Point Chiffon Dress_ Ivory,2021S/S,여,SALON,YOHN,"['미니원피스', '데일리룩', '여성원피스', '봄원피스', '여자원피스', '추천원피스', '미니드레스']",158000,0,2021-03-24
202,1820485,T11-SHIRT TUCK OPS YELLOW,2021S/S,여,BIBYSEOB,m1037_570530,"['BIBYSOEB', '미니원피스', '봄원피스']",118000,0,2021-03-24
203,1820484,T11-SHIRT TUCK OPS WHITE,2021S/S,여,BIBYSEOB,m1037_570529,"['BIBYSOEB', '미니원피스', '봄원피스']",118000,0,2021-03-24
204,1834244,sweet floral one piece,2021S/S,여,MARGARIN,/,[],127000,0,2021-03-24
205,1841587,레인보우 모자이크 볼륨 드레스rainbow mosaic volume dress,2021S/S,여,VLEEDA,21SVLOP001,"['숏', '여자원피스', '데일리룩', '봄원피스', '여성원피스', '추천원피스', '미니원피스']",258000,0,2021-03-24
206,1831550,V-넥 레더 원피스 [BEIGE] / S21A04001,2021S/S,여,GENERALIDEA,/,[],45000,0,2021-03-24
207,1835939,Frilled with flared dress_421W5VC9335A,2020F/W,여,Benetton,421W5VC9335A,[],99000,0,2021-03-24
208,1833583,플로럴 엠브로이더리 원피스,2021S/S,여,MICHAEL,/,[],750000,0,2021-03-24
209,1834943,SHIRRING MINI ONEPIECE [LIGHT GREEN],2021S/S,여,OiOi,OI21SS_54,"['원피스', '여자원피스', '데일리룩']",129000,0,2021-03-24
210,1820724,와펜 스몰 하우스 로고 원피스 라이트 블루SMALL HOUSE LOGO WAPPEN ONE-PIECE LIGHT BLUE,2021S/S,여,LEE,LE2101OP02LB,"['원피스', '여성원피스', '로고', '스몰로고', '트위치']",39000,0,2021-03-24
211,1835942,Basic print dress_4XUA5VCE576B,2020S/S,여,Benetton,4XUA5VCE576B,[],79000,0,2021-03-24
212,1833488,Lace Point Chiffon Dress_ Pink,2021S/S,여,SALON,YOHN,"['봄원피스', '미니드레스', '추천원피스', '여성원피스', '여자원피스', '원피스', '데일리룩']",158000,0,2021-03-24
213,1820721,와펜 스몰 하우스 로고 원피스 블랙SMALL HOUSE LOGO WAPPEN ONE-PIECE BLACK,2021S/S,여,LEE,LE2101OP02BK,"['원피스', '여성원피스', '로고', '스몰로고', '트위치']",39000,0,2021-03-24
214,1820725,와펜 스몰 하우스 로고 원피스 화이트SMALL HOUSE LOGO WAPPEN ONE-PIECE WHITE,2021S/S,여,LEE,LE2101OP02WH,"['원피스', '여성원피스', '로고', '스몰로고', '트위치']",39000,0,2021-03-24
215,1835941,Basic print dress_4XUA5VCE575C,2020S/S,여,Benetton,4XUA5VCE575C,[],79000,0,2021-03-24
216,1839895,21SS 3041MDA68 217298 01 로고 오버핏 반팔 원피스,병행수입,여,MSGM,2021020133,"['구템즈', '3041MDA6821729801', '로고', '오버핏']",170000,0,2021-03-24
217,1834251,sera one piece,2021S/S,여,MARGARIN,/,[],123000,0,2021-03-24
218,1834375,beads toile one piece (rd),2021S/S,여,MARGARIN,/,[],125000,0,2021-03-24
219,1834483,3/31 배송 lia onepiece,2021S/S,여,MARGARIN,/,[],120000,0,2021-03-24
220,1311125,3/29 배송 Perfume Rose Dress_River,2020S/S,여,HACKESCH,hackesch20S_DR05,"['데이트룩', '데일리', '원피스', '캉캉', '플로럴']",119000,0,2021-03-24
221,1839897,21SS 3041MDA68 217298 12 로고 오버핏 반팔 원피스,병행수입,여,MSGM,2021020132,"['구템즈', '3041MDA6821729812', '로고', '오버핏']",170000,0,2021-03-24
222,1833554,스트라이프 포플린 셔츠원피스,2021S/S,여,MICHAEL,/,[],310000,0,2021-03-24
223,1839889,21SS 3041MDA68 217298 19 로고 오버핏 반팔 원피스,병행수입,여,MSGM,2021020134,['21SS3041MDA6821729819'],170000,0,2021-03-24
224,1841916,여성) 노티드 슬립 원피스_ PATTERNWHITE,2021S/S,여,LIFEWORK,LW212OP820_PATTERNWHITE,"['캐주얼원피스', '여자원피스', '여성원피스', '나시원피스', '데일리룩', '맥시원피스', '봄원피스']",99000,0,2021-03-24
225,1841913,여성) 노티드 슬립 원피스_ PATTERNBLUE,2021S/S,여,LIFEWORK,LW212OP820_PATTERNBLUE,"['캐주얼원피스', '맥시원피스', '플레어', '원피스', '롱드레스', '롱원피스', '여성원피스']",99000,0,2021-03-24
226,1646523,(OP-20714) PUFF-SLEEVE ANORAK ONE-PIECE NAVY,2020F/W,여,ROLAROLA,1610443,"['여성원피스', '아노락', '아노락원피스', '원피스', '골지', '미니원피스']",99000,0,2021-03-24
227,1834442,3/31 배송 enna knit one piece,2021S/S,여,MARGARIN,/,[],110000,0,2021-03-24
228,1842865,스티치 미니원피스 MIWOWB411C,2021S/S,여,MIXXO,MIWOWB411C,[],59900,0,2021-03-24
229,1841919,여성) 노티드 슬립 원피스_ BLACK,2021S/S,여,LIFEWORK,LW212OP820_BLACK,"['봄원피스', '나시원피스', '데일리룩', '캐주얼원피스']",99000,0,2021-03-24
230,1836413,펑키 미니 원피스 - 블랙FUNKY MINI OPS - BLACK,2021S/S,여,MEZZOKUNST,FUNKY,"['원피스', '여성원피스', '미니원피스', '여자원피스', '셔링원피스', '주름원피스', '추천원피스']",78000,0,2021-03-24
231,1836414,펑키 미니 원피스 - 그레이FUNKY MINI OPS - GRAY,2021S/S,여,MEZZOKUNST,FUNKY,"['슬림핏', '원피스', '미니원피스', '추천원피스', '셔링원피스', '레이어드원피스']",78000,0,2021-03-24
232,1824781,여성 화이트 클래식 피케 원피스 (BJ0342A211),2021S/S,여,BEANPOLE,/,"['BJ0342A211', '져지셔츠', '반팔']",259000,0,2021-03-24
233,1815111,레트로 로고 오버 후드 원피스 블루Retro Logo Over Hoodie one piece blue,2021S/S,여,BONIEE,21,"['추천원피스', '데일리룩', '봄원피스', '여자원피스', '여성원피스', '캐주얼원피스', '미디원피스']",62000,0,2021-03-24
234,1837615,Cooing lap dress (yellow),2021S/S,여,DELIDI,1000000154,[],118000,0,2021-03-24
235,1837625,Cooing lap dress (sky blue),2021S/S,여,DELIDI,1000000154,[],118000,0,2021-03-24
236,1837277,Eloquence ruffle dress,2021S/S,여,DELIDI,1000000154,[],98000,0,2021-03-24
237,1837351,Haze dress,2021S/S,여,DELIDI,1000000154,[],118000,0,2021-03-24
238,1815119,레트로 로고 오버 후드 원피스 그레이Retro Logo Over Hoodie one piece gray,2021S/S,여,BONIEE,21,"['여자원피스', '데일리룩', '봄원피스', '캐주얼원피스', '미디원피스', '후드원피스', '추천원피스']",62000,0,2021-03-24
239,1834938,SHIRRING MINI ONEPIECE [PINK],2021S/S,여,OiOi,OI21SS_55,"['미니원피스', '여성원피스', '원피스', '미니드레스']",129000,0,2021-03-24
240,1815117,레트로 로고 오버 후드 원피스 블랙Retro Logo Over Hoodie one piece black,2021S/S,여,BONIEE,21,"['여성원피스', '여자원피스', '데일리룩', '캐주얼원피스', '추천원피스', '미디원피스', '후드원피스']",62000,0,2021-03-24
241,1828584,긴팔미니원피스 (블랙)BLACK PRINTED FRILL DRESS (OSSOP-137-BK),2021S/S,여,TACTFUL,/,"['여자원피스', '원피스', '미디원피스', '추천원피스', '봄원피스', '데일리룩', '데일리원피스']",260000,0,2021-03-24
242,1824871,스트라이프 터틀넥 원피스,2021S/S,여,MICHAEL,/,[],310000,0,2021-03-24
243,1829335,SIGNATURE SLDB ONE PIECE [NAVY],2021S/S,여,SALAD,/,"['미니원피스', '캐주얼원피스', '미니드레스', '원피스', '추천원피스', '오버핏원피스', '로고원피스']",39000,0,2021-03-24
244,1829333,SIGNATURE SLDB ONE PIECE [LIME],2021S/S,여,SALAD,/,"['원피스', '미니드레스', '미니원피스', '캐주얼원피스', '오버핏원피스', '드레스']",39000,0,2021-03-24
245,1829326,SIGNATURE PK ONE PIECE [YELLOW],2021S/S,여,SALAD,/,"['미니원피스', '원피스', '캐주얼원피스', '미니드레스', '피케이', 'PK', 'PK원피스']",59000,0,2021-03-24
246,1829324,SIGNATURE PK ONE PIECE [PINK],2021S/S,여,SALAD,/,"['미니원피스', '미니드레스', '원피스', '드레스', '피케이', 'PK', 'PK원피스']",59000,0,2021-03-24
247,1829323,SIGNATURE PK ONE PIECE [NAVY],2021S/S,여,SALAD,/,"['미니원피스', '캐주얼원피스', '원피스', '미니드레스', '드레스', '여름원피스', '테니스원피스']",59000,0,2021-03-24
248,1824873,벨티드 햄프 원피스,2021S/S,여,MICHAEL,/,[],480000,0,2021-03-24
249,1834307,beads toile one piece (bl),2021S/S,여,MARGARIN,/,[],125000,0,2021-03-24
250,1839157,플라워 초크 드레스 KS [브라운]FLOWER CHORK DRESS KS [BROWN],2021S/S,여,KIRSH,FKPSCOA501M,"['데일리룩', '봄원피스', '플라워', '여자원피스', '캐주얼원피스', '여성원피스', '원피스']",89000,0,2021-03-24
251,1812214,Short Strap-Dress/Yellow,2021S/S,여,PHOS333,21OPS017,"['데일리원피스', '여성원피스', '미니원피스', '원피스', '여자원피스', '캐주얼원피스', '봄원피스']",59000,0,2021-03-24
252,1839164,플라워 초크 드레스 KS [핑크]FLOWER CHORK DRESS KS [PINK],2021S/S,여,KIRSH,FKPSCOA501M,"['봄원피스', '원피스', '여성원피스', '여자원피스', '데일리룩', '플라워', '캐주얼원피스']",89000,0,2021-03-24
253,1823728,Lovesome mini dress_yellow,2021S/S,여,AMOUR,21SS1AWDB22,[],86000,0,2021-03-24
254,1812250,Short Strap-Dress/Blueblack,2021S/S,여,PHOS333,21OPS017,"['데일리원피스', '원피스', '여성원피스', '봄원피스', '미니원피스', '여자원피스', '캐주얼원피스']",59000,0,2021-03-24
255,1823720,Lovesome mini dress_dark navy,2021S/S,여,AMOUR,21SS1AWDB22,"['봄원피스', '여름원피스', '데일리룩', '여성원피스', '미니원피스', '캐주얼원피스', '플라워']",86000,0,2021-03-24
256,1815087,레트로 로고 오버 후드 원피스 레드Retro Logo Over Hoodie one piece red,2021S/S,여,BONIEE,21,"['여성원피스', '추천원피스', '미디원피스', '여자원피스', '캐주얼원피스', '데일리룩', '후드원피스']",62000,0,2021-03-24
257,1817307,카라 니트 미니 원피스Collar Knit Mini One-piece,2021S/S,여,VALIANT,2021SS-COP,"['트레이닝', '카라티', '카라니트', '트레이닝원피스', '원피스', '여름원피스', '미니원피스']",62000,0,2021-03-24
258,1600419,C BOLERO SET-UP DRESS_RED,2020F/W,여,CURETTY,CU203DR001B,"['간절기', '원피스', '여성원피스', '캐주얼']",96000,0,2021-03-24
259,1814340,J셔츠변형허리스트링원피스 JUOP421A,2020S/S,여,JUCYJUDY,JUOP421A,"['원피스', '셔츠원피스', '스트링원피스', '플라워원피스', '미니원피스']",129000,0,2021-03-24
260,1815114,레트로 로고 오버 후드 원피스 샌드 브라운Retro Logo Over Hoodie one piece sand brown,2021S/S,여,BONIEE,21,"['추천원피스', '미디원피스', '캐주얼원피스', '데일리룩', '봄원피스', '여자원피스', '후드원피스']",62000,0,2021-03-24
261,1826090,여성) 라인 타이다이 빅라독 원피스_PATTERNNAVY,2021S/S,여,LIFEWORK,LW211OP705_PATTERNNAVY,"['미니원피스', '여자원피스', '여성원피스', '맥시원피스', '미디원피스', '봄원피스', '캐주얼원피스']",119000,0,2021-03-24
262,1814371,J빅플랫카라프린트원피스 JUOP322P,2020S/S,여,JUCYJUDY,JUOP322P,"['원피스', '프린트원피스', '미니원피스', '미디원피스']",129000,0,2021-03-24
263,1814333,J앞리본미니원피스 JUOP426C,2020S/S,여,JUCYJUDY,JUOP426C,"['원피스', '리본원피스', '미니원피스', '플라워원피스']",129000,0,2021-03-24
264,1816271,미니 플레어 셔츠 원피스 베이직 베이지MINI FLARE SHIRT ONE-PIECE BASIC BEIGE,2021S/S,여,WUZU,/,"['미니원피스', '셔츠원피스', '캐주얼원피스', '데일리원피스', '추천원피스', '봄원피스', '데일리룩']",145000,0,2021-03-24
265,1818111,우먼스 W 에센셜 드레스 반팔 (블랙),병행수입,여,NIKE,CJ2243-010,"['반팔원피스', '원피스', '드레스', '티드레스', '반팔', '우먼스', '반팔티']",74500,0,2021-03-24
266,1816661,스월 미니 셔츠 원피스,2021S/S,여,MICHAEL,/,[],310000,0,2021-03-24
267,1820569,언밸런스 레이스 뷔스티에 원피스 [블랙]Unbalance lace bustier onepiece [Black],2021S/S,여,SOFT,/,[],138000,0,2021-03-24
268,1820560,언밸런스 레이스 뷔스티에 원피스 [베이지]Unbalance lace bustier onepiece [Beige],2021S/S,여,SOFT,/,"['뷔스티에', '미니원피스', '봄원피스', '뷔스티에원피스', '레이어드원피스', '나시원피스']",138000,0,2021-03-24
269,1819573,데님 A라인 미니 원피스 (PW2B3NOP539WBL),2021S/S,여,SJYP,PW2B3NOP539WBL,"['데님A라인미니원피스', 'PW2B3NOP539W', 'PW2B3NOP539WBL', '원피']",279000,0,2021-03-24
270,987352,BCG 반팔 원피스 CESBGTS07BLBCG ONEPIECE CESBGTS07BL,2019S/S,여,BORN,/,"['원피스', '카라', '슬림핏', '데일리', '미니', '반팔', '로고']",59000,0,2021-03-24
271,1823859,21SS 스트라이프 믹스 폴로 원피스 - 핑크,2021S/S,여,INSTANTFUNK,BASSIFOP03PK,"['봄원피스', '여성원피스', '미니원피스', '원피스', '캐주얼원피스', '플레어원피스']",225000,0,2021-03-24
272,1814360,J뉴뷔스띠에형패턴원피스 JUOP42B1,2020S/S,여,JUCYJUDY,JUOP42B1,"['원피스', '뷔스띠에원피스', '플라워원피스', '패턴원피스', '레이어드원피스']",119000,0,2021-03-24
273,1814980,블랙 플라워 밴딩 브이넥 원피스 (321371GY15),2021S/S,여,8SECONDS,321371GY15,"['321371GY15', '원피스', '긴팔']",49900,0,2021-03-24
274,1818104,7H45248 여성 아미고 피케 원피스7H45248,2021S/S,여,NEPA,7H45248,[],79000,0,2021-03-24
275,1816778,메탈릭 페이즐리 레이스 원피스,2021S/S,여,MICHAEL,/,[],560000,0,2021-03-24
276,1632144,미니 플리츠 스커트 라운드 카라 원피스 베이직 블랙MINI PLEATS SKIRT ROUND COLLAR ONE-PIECE BASIC BLACK,2020F/W,여,WUZU,/,"['레이어드원피스', '가을원피스', '데일리원피스', '미니원피스', '셔츠원피스', '플레어', '블랙원피스']",152000,0,2021-03-24
277,1816918,프린지 메리노 울 블렌드 원피스,2021S/S,여,MICHAEL,/,[],370000,0,2021-03-24
278,1816701,페이즐리 레이스 벨 슬리브 원피스,2021S/S,여,MICHAEL,/,[],750000,0,2021-03-24
279,1622447,[NF] 버튼 니트 원피스 (아이보리)(20FW-F811)[NF] BUTTON KNIT ONE-PIECE (IVORY)(20FW-F811),2020F/W,여,NASTY,CLUB,[],69000,0,2021-03-24
280,1816667,컨트라스트 스티치 버튼 원피스,2021S/S,여,MICHAEL,/,[],480000,0,2021-03-24
281,1586309,Heart V-neck Jersey Dress (Black),2020F/W,여,HEART,/,"['브이넥', '브이넥원피스', '저지원피스', '박시원피스', '배색원피스', '데일리', '추천원피스']",59000,0,2021-03-24
282,1814383,J소매훌랩형원피스 JUOP32B6,2020S/S,여,JUCYJUDY,JUOP32B6,"['원피스', '미니원피스', '랩형원피스', '쉬폰원피스']",159000,0,2021-03-24
283,1389680,[NF]FANCY COLLAR SHIRT ONE-PIECE (BLACK)(20SS-F806),2020S/S,여,NASTY,CLUB,['추천원피스'],59000,0,2021-03-24
284,1574031,레이스 포인트 다이 미니 원피스 [블루 챠콜]LACE POINT DYED MINI DRESS [BLUE CHARCOAL],2020F/W,여,RUNNING,/,"['뷔스티에', '원피스', '미니', '타이다이', '레이스원피스', '물나염']",76000,0,2021-03-24
285,1817525,여성 로고 베이직 웨이스트 스트링 미디 반팔 원피스 LA (MUSTARD),2021S/S,여,MLB,31OP06131-07D,"['원피스', '캐주얼원피스', '미니원피스', '여성원피스', '반팔원피스']",69000,0,2021-03-24
286,1557881,우먼스 엔젤와펜 후드 원피스 블랙,2020F/W,여,MARK,/,"['원피스', '후드', '우먼스', '루즈핏']",89000,0,2021-03-24
287,1817524,여성 로고 베이직 웨이스트 스트링 미디 반팔 원피스 LA (BLUE),2021S/S,여,MLB,31OP06131-07U,"['원피스', '캐주얼원피스', '미니원피스', '여성원피스', '반팔원피스']",69000,0,2021-03-24
288,1817522,여성 로고 베이직 웨이스트 스트링 미디 반팔 원피스 NY (M/GREY),2021S/S,여,MLB,31OP06131-50M,"['원피스', '캐주얼원피스', '미니원피스', '여성원피스', '반팔원피스']",69000,0,2021-03-24
289,1814394,레이스탈착카라 꽃프린트 미니 원피스 AM1WO362,2021S/S,여,LAP,AM1WO362,[],89000,0,2021-03-24
290,1817599,트위드 카라포인트 미니 원피스 MIWOWB133B,2021S/S,여,MIXXO,MIWOWB133B,[],69900,0,2021-03-24
291,1813338,Heart Button Coloration Dress (Light Purple),2021S/S,여,HEART,/,"['브이넥', '브이넥원피스', '하트', '버튼원피스', '미니원피스', '봄원피스', '가을원피스']",69000,0,2021-03-24
292,1814402,더블버튼 맞주름 미니 원피스  AM1WO260,2021S/S,여,LAP,AM1WO260,[],109000,0,2021-03-24
293,1814414,EVE DRESS,2021S/S,여,SINOON,SN2B2DD001_LY,[],138000,0,2021-03-24
294,1731272,미니 플레어 셔츠 원피스 베이직 화이트MINI FLARE SHIRT ONE-PIECE BASIC WHITE,2021S/S,여,WUZU,/,[],145000,0,2021-03-24
295,1466366,C CHIFFON MINI DRESS_MINT,2020S/S,여,CURETTY,CU202DR001MT,[],74000,0,2021-03-24
296,987370,BCG 원피스 블랙 CESBGTS07BKBCG ONEPIECE CESBGTS07BK,2019S/S,여,BORN,/,"['원피스', '카라', '슬림핏', '데일리', '미니백', '반팔', '로고']",59000,0,2021-03-24
297,1600365,C BOLERO SET-UP DRESS_NAVY,2020F/W,여,CURETTY,CU203DR001A,"['셋업', '볼레로', '원피스', '미니원피스', '가을원피스']",96000,0,2021-03-24
298,1284852,(펭수) 펭펭! 티드레스_SPPPA23G13SPPPA23G13,2020S/S,여,SPAO,SPPPA23G13,"['컬래버레이션', '펭수']",35900,0,2021-03-24
299,1181939,BCG 브이 원피스 CESCGTS01BKBCG V-ONEPIECE CESCGTS01BK,2019F/W,여,BORN,/,"['슬림핏', '원피스', '카라', '데일리', '미니', '긴팔', '로고']",69000,0,2021-03-24
300,1811872,실비에 플러피 실크 드레스Sylvie Fluffy 실크 Dress,2021S/S,여,HAGAHI,D023,"['비비드', '추천원피스', '여성원피스', '봄원피스', '미니원피스', '파티룩', '바캉스룩']",416000,0,2021-03-24
